{
  "configVersion": 1,
  "timestamp": 1761433652774,
  "index": "/index.html",
  "assetGroups": [
    {
      "name": "app",
      "installMode": "prefetch",
      "updateMode": "prefetch",
      "cacheQueryOptions": {
        "ignoreVary": true
      },
      "urls": [
        "/favicon.ico",
        "/index.html",
        "/main-ELF7EWZO.js",
        "/polyfills-FFHMD2TL.js",
        "/styles-EX6S6SN3.css"
      ],
      "patterns": []
    },
    {
      "name": "assets",
      "installMode": "lazy",
      "updateMode": "prefetch",
      "cacheQueryOptions": {
        "ignoreVary": true
      },
      "urls": [
        "/assets/image-404.png"
      ],
      "patterns": []
    }
  ],
  "dataGroups": [],
  "hashTable": {
    "/assets/image-404.png": "ca5c6c34a966bf8a491cae4f7f46c7aed136abc5",
    "/favicon.ico": "0afb4142f19b766925fdb6f1120dd74f99b4b48d",
    "/index.html": "aff7cb7423b049ac83ffb895767c7ec27b7afee8",
    "/main-ELF7EWZO.js": "cdf1daff4b6c8641af1e74ee095aa1507e9eb92f",
    "/polyfills-FFHMD2TL.js": "f49b49a155bc7d192db62a4c15d0a612b460a667",
    "/styles-EX6S6SN3.css": "28569da238a6e30edaf5be3e6d36385a9c342655"
  },
  "navigationUrls": [
    {
      "positive": true,
      "regex": "^\\/.*$"
    },
    {
      "positive": false,
      "regex": "^\\/(?:.+\\/)?[^/]*\\.[^/]*$"
    },
    {
      "positive": false,
      "regex": "^\\/(?:.+\\/)?[^/]*__[^/]*$"
    },
    {
      "positive": false,
      "regex": "^\\/(?:.+\\/)?[^/]*__[^/]*\\/.*$"
    }
  ],
  "navigationRequestStrategy": "performance"
}